,,,,,,,,,,,,,,,,,,,,,,,,,,,,,,,
,id,en,ru,pl,sv,tr,fr,nl,de,ar,el,it,cs,hu,ro,ja,da,es,,fi,hi,hr,id,ko,pt,sk,sw,th,zh-Hant,zh-Hans,
,id,English,Russian,Polish,Swedish,Turkish,French,Dutch,German,Arabic,Greek,Italian,Czech,Hungarian,Romanian,Japanese,Danish,Spanish,Spanish Catalian,Finnish,Hindi,Croatian,Indonesian,Korean,Portugese,Slovak,Swahili,Thai,Chinese Traditional,Chinese Simplified,English_GB
Commands. ,make_a_slight_right_turn,Slight right.,Плавный поворот направо.,Lekko w prawo.,Svagt höger.,Hafif sağa.,Légèrement à droite.,Houd rechts aan.,Leicht rechts.,إلى اليمين قليلا.,Ανοιχτή στροφή δεξιά.,Mantenersi a destra.,Mírně doprava.,Kanyarodjon enyhén jobbra.,Virați ușor la dreapta.,緩やかに右折。,Blødt til højre.,Ligero derecha.,Gir lleu a la dreta.,Loiva oikea.,थोड़ा सा दाएं मुड़े।,Blago udesno.,Sedikit ke kanan.,약간 우회전.,Ligeira curva à direita.,Mierne doprava.,Enda kulia kidogo.,ขวาเล็กน้อย,稍向右轉。,向右微转。,
,make_a_right_turn,Turn right.,Поворот направо.,Jedź w prawo.,Sväng höger.,Sağa dönün.,Tournez à droite.,Sla rechtsaf.,Rechts abbiegen.,انعطف يمينا.,Στρίψε δεξιά.,Gira a destra.,Otočte se doprava.,Forduljon jobbra.,Curbă la dreapta.,右に曲がります。,Drej til højre.,Gire a la derecha.,Gireu a la dreta.,Käänny oikealle.,दायीं ओर मुड़ें।,Skrenite udesno.,Belok kanan.,우회전하십시오.,Vire à direita.,Odbočte doprava.,Zunguka upande wa kulia.,เลี้ยวขวา,右轉。,右转。,
,make_a_sharp_right_turn,Sharp right.,Крутой поворот направо.,Ostro w prawo.,Skarpt höger.,Tam sağa.,À droite toute.,Scherp rechtsaf.,Scharf rechts.,إلى أقصى اليمين.,Κλειστή στροφή δεξιά.,Svoltare a destra.,Ostře doprava.,Kanyarodjon élesen jobbra.,Virați strâns la dreapta.,急に右折。,Skarpt til højre.,Fuerte derecha.,Gir fort la dreta.,Jyrkkä oikea.,तीव्रता से दाएं मुड़े।,Oštro udesno.,Belok tajam ke kanan.,급우회전.,Curva acentuada à direita.,Ostro doprava.,Fanya kulia mkali.,หักมุมขวา,向右急轉。,向右急转。,
,enter_the_roundabout,Enter the roundabout.,Въезд на кольцо.,Wjedź na rondo.,Kör in i rondellen.,Kavşağa girin.,Prenez le rond-point.,Rij de rotonde op.,Fahren Sie in den Kreisverkehr.,اتجه إلى الطريق الدوار.,Μπείτε στον κυκλικό κόμβο.,Entra nella rotonda.,Vjeďte na kruhový objezd.,Hajtson be a körforgalomba.,Intrați în sensul giratoriu.,ロータリー入口です。,Kør ind i rundkørslen.,Entre a la rotonda.,Entreu a la rotonda.,Aja liikenneympyrään.,गोल चक्‍कर में प्रवेश करें।,Uđite na zaobilaznicu.,Masuk ke bundaran.,로터리 진입입니다.,Entre na rotunda.,Vojdite na kruhový objazd.,Ingia kwenye mzunguko.,เข้าสู่วงเวียน,進入環島。,进入环岛。,Enter the roundabout.
,leave_the_roundabout,Exit from the roundabout.,Съезд с кольца.,Zjazd z ronda.,Lämna rondellen.,Kavşaktan çık.,Sortir du rond-point.,Verlaat de rotonde.,Aus dem Kreisverkehr ausfahren.,اخرج من الدوار.,Έξοδος από τον κυκλικό κόμβο.,Esci dalla rotonda.,Vyjeďte z kruhového objezdu.,Hagyja el a körforgalmat.,Ieșiți din sensul giratoriu.,ロータリーから抜けてください。,Forlad rundkørslen.,Salir de la rotonda.,Sortir de la rotonda.,Poistu liikenneympyrästä.,परिपथ से बाहर निकलें।,Napustite zaobilaznicu.,Keluar dari bundaran.,원형 교차로에서 나갑니다.,Saia da rotunda.,Výjazd z kruhového objazdu.,Toka kwenye mzunguko wa barabara.,ออกจากวงเวียน,退出環島。,退出环岛。,Leave the roundabout.
,make_a_slight_left_turn,Slight left.,Плавный поворот налево.,Lekko w lewo.,Svagt vänster.,Hafif sola.,Légèrement à gauche.,Houd links aan.,Leicht links.,إلى اليسار قليلاً.,Ανοιχτή στροφή αριστερά.,Mantenersi a sinistra.,Mírně doleva.,Kanyarodjon enyhén balra.,Virați ușor la stânga.,緩やかに左折。,Blødt til venstre.,Ligero izquierda,Gir lleu a l'esquerra.,Loiva vasen.,थोड़ा सा बाएं मुड़े।,Blago ulijevo.,Sedikit ke kiri.,약간 좌회전.,Ligeira curva à esquerda.,Mierne doľava.,Enda kushoto kidogo.,ซ้ายเล็กน้อย,稍向左轉。,向左微转。,
,make_a_left_turn,Turn left. ,Поворот налево.,Jedź w lewo.,Sväng vänster.,Sola dönün.,Tournez à gauche.,Sla linksaf.,Links abbiegen.,انعطف يسارا.,Στρίψε αριστερά.,Gira a sinistra.,Otočte se doleva.,Forduljon balra.,Curbă la stânga.,左に曲がります。,Drej til venstre.,Gire a la izquierda.,Gireu a l´esquerra.,Käänny vasemmalle.,बायीं ओर मुड़ें।,Skrenite ulijevo.,Belok kiri.,좌회전하십시오.,Vire à esquerda.,Odbočte doľava.,Zunguka upande wa kushoto.,เลี้ยวซ้าย,左轉。,左转。,Make a left turn.
,make_a_sharp_left_turn,Sharp left.,Крутой поворот налево.,Ostro w lewo.,Skarpt vänster.,Tam sola.,À gauche toute.,Scherp linksaf.,Scharf links.,إلى أقصى اليسار.,Κλειστή στροφή αριστερά.,Svoltare a sinistra.,Ostře doleva.,Kanyarodjon élesen balra.,Virați strâns la stânga.,急に左折。,Skarpt til venstre.,Fuerte izquierda.,Gir fort a l'esquerra.,Jyrkkä vasen.,तीव्रता से बाएं मुड़े।,Oštro ulijevo.,Belok tajam ke kiri.,급좌회전.,Curva acentuada à esquerda.,Ostro doľava.,Fanya kushoto mkali.,หักมุมซ้าย,向左急轉。,向左急转。,
,make_a_u_turn,Make a u-turn.,Разворот.,Zawróć.,Gör en U-sväng.,U dönüşü yapın.,Faites demi-tour.,Keer om.,Wenden Sie.,انعطف بدوران كامل.,Κάντε αναστροφή.,Effettua un'inversione a U.,Otočte se o sto osmdesát stupňů.,Forduljon vissza.,Întoarceți-vă o sută optzeci de grade.,Uターンです。,Vend om.,Gire en U.,Feu un canvi de sentit.,Tee U-käännös.,यू-टर्न लें।,Napravite poluzaokret.,Putar balik.,유턴입니다.,Faça inversão de marcha.,Otočte sa o stoosemdesiat stupňov.,Geuka urudi ulikotoka.,กลับรถ,掉頭。,掉头。,Make a u-turn.
,go_straight,Go straight.,Двигайтесь прямо.,Jedź prosto.,Åk rakt framåt.,Düz ilerleyin.,Continuez tout droit.,Rij rechtdoor.,Fahren Sie geradeaus.,انطلق مباشرة.,Συνεχίστε ευθεία.,Sempre dritto.,Jeďte rovně.,Hajtson előre.,Mergeți înainte.,直進です。,Fortsæt lige ud.,Continúe derecho.,Seguiu recte.,Aja suoraan.,सीधे चलें।,Idite ravno.,Lurus terus.,직진입니다.,Siga em frente.,Choďte rovno.,Pita kabisa.,ตรงไป,直行。,直行。,Go straight.
,destination,You’ll arrive.,Вы прибудете в пункт назначения.,Dojedziesz.,Är du framme.,Varacaksınız.,Vous arriverez.,Arriveert u.,Werden Sie ankommen.,سوف تصل.,Θα φτάσετε.,Arriverai.,Přijedete.,Megérkezik.,Veți sosi.,到着します。,Ankommer du.,Llegarás.,Arribareu.,Olet perillä.,गंतव्य स्थान,Stižete.,Anda akan tiba.,도착할 예정입니다.,Você vai chegar.,Dorazíte.,Utawasili.,คุณจะถึง,您將到達。,您将到达。,
,you_have_reached_the_destination,You have arrived.,Вы прибыли.,Dotarłeś do celu.,Du har anlänt.,Vardınız.,Vous êtes arrivé.,Bestemming bereikt.,Sie sind angekommen.,لقد وصلت.,Έχετε Φτάσει.,Sei arrivato.,Jste na místě.,Ön megérkezett.,Ați ajuns.,到着。,Du er ankommet.,Ha llegado.,Heu arribat.,Olet saapunut.,आप पहुंच गए हैं।,Stigli ste.,Anda sudah sampai.,도착했습니다.,Chegou.,Dorazili ste do cieľa.,Umewasili mwisho wa safari.,คุณมาถึงแล้ว,您已抵達,您已抵达。,You have reached the destination.
Distances. Metric system: meters and kilometers.,in_50_meters,In fifty meters,Через пятьсот метров,Za pięćdziesiąt metrów,Om femtio meter,Elli metre sonra,Dans cinquante mètres,Over vijftig meter,In fünfzig Metern,بعد خمسين مترًا,Σε πενήντα μέτρα,Tra cinquanta metri,Za padesát metrů,Ötven méter után,După cincizeci de metri,五十メートル先,Om halvtreds meter,En cincuenta metros,D'aquí a cinquanta metres,Viidenkymmenen metrin päässä,पचास मीटर में।,Za pedeset metara,Setelah lima puluh meter,오십 미터 앞,A cinquenta metros,Po päťdesiatich metroch,Kabla ya mita hamsini,อีกห้าสิบเมตร,前方五十米,前方五十米,In 50 metres.
,in_100_meters,In one hundred meters,Через сто метров,Za sto metrów,Om ett hundra meter,Yüz metre sonra,Dans cents mètres,Over honderd meter,In einhundert Metern,بعد مئة متر,Σε εκατό μέτρα,Tra cento metri,Za sto metrů,Száz méter után,După o sută de metri,百メートル先,Om et hundrede meter,En cien metros,D'aquí a cent metres,Sadan metrin päässä,एक सौ मीटर में।,Za stotinu metara,Setelah seratus meter,백 미터 앞,A cem metros,Po sto metroch,Kabla ya mita mia moja,อีกหนึ่งร้อยเมตร,前方一百米,前方一百米,In 100 metres.
,in_200_meters,In two hundred meters,Через двести метров,Za dwieście metrów,Om två hundra meter,İki yüz metre sonra,Dans deux cents mètres,Over tweehonderd meter,In zweihundert Metern,بعد مئتين متر,Σε διακόσια μέτρα,Tra duecento metri,Za dvě stě metrů,Kétszáz méter után,După două sute de metri,二百メートル先,Om to hundrede meter,En doscientos metros,D'aquí a dos-cents metres,Kahdensadan metrin päässä,दो सौ मीटर में।,Za dvije stotine metara,Setelah dua ratus meter,이백 미터 앞,A duzentos metros,Po dvesto metroch,Kabla ya mita mia mbili,อีกสองร้อยเมตร,前方二百米,前方两百米,In 200 metres.
,in_250_meters,In two hundred and fifty meters,Через двести пятьдесят метров,Za dwieście pięćdziesiąt metrów,Om två hundra femtio meter,İki yüz elli metre sonra,Dans deux cents cinquante mètres,Over tweehonderdvijftig meter,In zweihundertfünfzig Metern,بعد مئتين وخمسين مترًا,Σε διακόσια πενήντα μέτρα,Tra duecento cinquanta metri,Za dvě stě padesát metrů,Kétszázötven méter után,După două sute cincizeci de metri,二百五十メートル先,Om to hundrede og halvtreds meter,En doscientos cincuenta metros,D'aquí a dos-cents cinquanta metres,Kahdensadanviidenkymmenen metrin päässä,दो सौ पचास मीटर में।,Za dvije stotine i pedeset metara,Setelah dua ratus lima puluh meter,이백오십 미터 앞,A duzentos e cinquenta metros,Po dvestopäťdesiatich metroch,Kabla ya mita mia mbili hamsini,อีกสองร้อยห้าสิบเมตร,前方二百五十米,前方两百五十米,In 300 metres.
,in_300_meters,In three hundred meters,Через триста метров,Za trzysta metrów,Om tre hundra meter,Üç yüz metre sonra,Dans trois cents mètres,Over driehonderd meter,In dreihundertfünfzig Metern,بعد ثلاثمئة متر,Σε τριακόσια μέτρα,Tra trecento metri,Za tři sta metrů,Háromszáz méter után,După trei sute de metri,三百メートル先,Om tre hundrede meter,En trescientos metros,D'aquí a tres-cents metres,Kolmensadan metrin päässä,तीन सौ मीटर में।,Za tri stotine metara,Setelah tiga ratus meter,삼백 미터 앞,A trezentos metros,Po tristo metroch,Kabla ya mita mia tatu,อีกสามร้อยเมตร,前方三百米,前方三百米,In 250 metres.
,in_400_meters,In four hundred meters,Через четыреста метров,Za czterysta metrów,Om fyra hundra meter,Dört yüz metre sonra,Dans quatre cents mètres,Over vierhonderd meter,In vierhundert Metern,بعد أربعمئة متر,Σε τετρακόσια μέτρα,Tra quattrocento metri,Za čtyři sta metrů,Négyszáz méter után,După patru sute de metri,四百メートル先,Om fire hundrede meter,En cuatrocientos metros,D'aquí a quatre-cents metres,Neljänsadan metrin päässä,चार सौ मीटर में।,Za četiri stotine metara,Setelah empat ratus meter,사백 미터 앞,A quatrocentos metros,Po štyristo metroch,Kabla ya mita mia nne,อีกสี่ร้อยเมตร,前方四百米,前方四百米,In 400 metres.
,in_500_meters,In five hundred meters,Через пятьсот метров,Za pięćset metrów,Om fem hundra meter,Beş yüz metre sonra,Dans cinq cents mètres,Over vijfhonderd meter,In fünfhundert Metern,بعد خمسمئة متر,Σε πεντακόσια μέτρα,Tra cinquecento metri,Za pět set metrů,Ötszáz méter után,După cinci sute de metri,五百メートル先,Om fem hundrede meter,En quinientos metros,D'aquí a cinc-cents metres,Viidensadan metrin päässä,पांच सौ मीटर में।,Za pet stotina metara,Setelah lima ratus meter,오백 미터 앞,A quinhentos metros,Po päťsto metroch,Kabla ya mita mia tano,อีกห้าร้อยเมตร,前方五百米,前方五百米,In 500 metres.
,in_600_meters,In six hundred meters,Через шестьсот метров,Za sześćset metrów,Om sex hundra meter,Altı yüz metre sonra,Dans six cents mètres,Over zeshonderd meter,In sechshundert Metern,بعد ستمئة متر,Σε εξακόσια μέτρα,Tra seicento metri,Za šest set metrů,Hatszáz méter után,După șase sute de metri,六百メートル先,Om seks hundrede meter,En seiscientos metros,D'aquí a sis-cents metres,Kuudensadan metrin päässä,छह सौ मीटर में।,Za šest stotina metara,Setelah enam ratus meter,육백 미터 앞,A seiscentos metros,Po šesťsto metroch,Kabla ya mita mia sita,อีกหกร้อยเมตร,前方六百米,前方六百米,In 600 metres.
,in_700_meters,In seven hundred meters,Через семьсот метров,Za siedemset metrów,Om sju hundra meter,Yedi yüz metre sonra,Dans sept cents mètres,Over zevenhonderd meter,In siebenhundert Metern,بعد سبعمئة متر,Σε επτακόσια μέτρα,Tra settecento metri,Za sedm set metrů,Hétszáz méter után,După șapte sute de metri,七百メートル先,Om syv hundrede meter,En setecientos metros,D'aquí a set-cents metres,Seitsemänsadan metrin päässä,सात सौ मीटर में।,Za sedam stotina metara,Setelah tujuh ratus meter,칠백 미터 앞,A setecentos metros,Po sedemsto metroch,Kabla ya mita mia saba,อีกเจ็ดร้อยเมตร,前方七百米,前方七百米,In 700 metres.
,in_750_meters,In seven hundred and fifty meters,Через семьсот пятьдесят метров,Za siedemset pięćdziesiąt metrów,Om sju hundra femtio meter,Yedi yüz elli metre sonra,Dans sept cents cinquante mètres,Over zevenhonderdvijftig meter,In siebenhundertfünfzig Metern,بعد سبعمئة وخمسين مترًا,Σε επτακόσια πενήντα μέτρα,Tra settecento cinquanta metri,Za sedm set padesát metrů,Hétszázötven méter után,După șapte sute cincizeci de metri,七百五十メートル先,Om syv hundrede og halvtreds meter,En setecientos cincuenta metros,D'aquí a set-cents cinquanta metres,Seitsemänsadanviidenkymmenen metrin päässä,सात सौ पचास मीटर में।,Za sedam stotina i pedeset metara,Setelah tujuh ratus lima puluh meter,칠백오십 미터 앞,A setecentos e cinquenta metros,Po sedemstopäťdesiatich metroch,Kabla ya mita mia saba hamsini,อีกเจ็ดร้อยห้าสิบเมตร,前方七百五十米,前方七百五十米,In 800 metres.
,in_800_meters,In eight hundred meters,Через восемьсот метров,Za osiemset metrów,Om åtta hundra meter,Sekiz yüz metre sonra,Dans huit cents mètres,Over achthonderd meter,In achthundert Metern,بعد ثمانمئة متر,Σε οκτακόσια μέτρα,Tra ottocento metri,Za osm set metrů,Nyolcszáz méter után,După opt sute de metri,八百メートル先,Om otte hundrede meter,En ochocientos metros,D'aquí a vuit-cents metres,Kahdeksansadan metrin päässä,आठ सौ मीटर में।,Za osam stotina metara,Setelah delapan ratus meter,팔백 미터 앞,A oitocentos metros,Po osemsto metroch,Kabla ya mita mia nane,อีกแปดร้อยเมตร,前方八百米,前方八百米,In 750 metres.
,in_900_meters,In nine hundred meters,Через девятьсот метров,Za dziewięćset metrów,Om nio hundra meter,Dokuz yüz metre sonra,Dans neuf cents mètres,Over negenhonderd meter,In neunhundert Metern,بعد تسعمئة متر,Σε εννιακόσια μέτρα,Tra novecento metri,Za devět se metrů,Kilencszáz méter után,După nouă sute de metri,九百メートル先,Om ni hundrede meter,En novecientos metros,D'aquí a nou-cents metres,Yhdeksänsadan metrin päässä,नौ सौ मीटर में।,Za devet stotina metara,Setelah sembilan ratus meter,구백 미터 앞,A novecentos metros,Po deväťsto metroch,Kabla ya mita mia tisa,อีกเก้าร้อยเมตร,前方九百米,前方九百米,In 900 metres.
,in_1_kilometer,In one kilometer,Через километр,Za jeden kilometr,Om en kilometer,Bir kilometre sonra,Dans un kilomètre,Over één kilometer,In einem Kilometer,بعد كيلو متر واحدٍ,Σε ένα χιλιόμετρο,Tra un chilometro,Za jeden kilometr,Egy kilométer után,După un kilometru,一キロ先,Om en kilometer,En un kilómetro,D'aquí a un quilòmetre,Yhden kilometrin päässä,एक किलोमीटर में।,Za jedan kilometar,Setelah satu kilometer,일 킬로미터 앞,A um quilómetro,Po jednom kilometri,Kabla ya kilomita moja,อีกหนึ่งกิโลเมตร,前方一千米,前方一千米,In one kilometre.
,in_1_5_kilometers,In one and a half kilometers,Через полтора километра,Za półtora kilometra,Om en och en halv kilometer,Bir buçuk kilometre sonra,Dans un virgule cinq kilomètre,Over anderhalve kilometer,In anderthalb Kilometern,بعد كيلو متر ونصف,Σε ενάμιση χιλιόμετρο,Tra un chilometro e mezzo,Za jeden a půl kilometru,Másfél kilométer után,După un kilometru și jumătate,一.五キロ先,Om halvanden kilometer,En un kilómetro y medio,D'aquí a quilòmetre i mig,Puolentoista kilomertin päässä,डेढ़ किलोमीटर में।,Za jedan i pol kilometar,Setelah satu setengah kilometer,일점오 킬로미터 앞,A um quilómetro e meio,Po jeden a pol kilometri,Kabla ya kilomita moja na nusu,อีกหนึ่งกิโลเมตรครึ่ง,前方一千五百米,前方一点五千米,In one and a half kilometres.
,in_2_kilometers,In two kilometers,Через два километра,Za dwa kilometry,Om två kilometer,İki kilometre sonra,Dans deux kilomètres,Over twee kilometer,In zwei Kilometern,بعد كيلو مترين,Σε δύο χιλιόμετρα,Tra due chilometri,Za dva kilometry,Két kilométer után,După doi kilometri,二キロ先,Om to kilometer,En dos kilómetros,D'aquí a dos quilòmetres,Kahden kilometrin päässä,दो किलोमीटर में।,Za dva kilometra,Setelah dua kilometer,이 킬로미터 앞,A dois quilómetros,Po dvoch kilometroch,Kabla ya kilomita mbili,อีกสองกิโลเมตร,前方二千米,前方两千米,In two kilometres.
,in_2_5_kilometers,In two and a half kilometers,Через два с половиной километра,Za dwa i pół kilometra,Om två och en halv kilometer,İki buçuk kilometre sonra,Dans deux virgule cinq kilomètres,Over tweeëneenhalve kilometer,In zweieinhalb Kilometern,بعد كيلو مترين ونصف,Σε τρισήμιση χιλιόμετρα,Tra due chilometri e mezzo,Za dva a půl kilometru,Két és fél kilométer után,După doi kilometri și jumătate,二.五キロ先,Om en kilometer,En dos kilómetros y medio,D'aquí a dos quilòmetres i mig,Kahden ja puolen kilometrin päässä,ढाई किलोमीटर में।,Za dva i pol kilometra,Setelah dua setengah kilometer,이점오 킬로미터 앞,A dois quilómetros e meio,Po dva a pol kilometri,Kabla ya kilomita mbili na nusu,อีกสองกิโลเมตรครึ่ง,前方二千五百米,前方两点五千米,In two and a half kilometres.
,in_3_kilometers,In three kilometers,Через три километра,Za trzy kilometry,Om tre kilometer,Üç kilometre sonra,Dans trois kilomètres,Over drie kilometer,In dreieinhalb Kilometern,بعد ثلاثة كيلو مترات,Σε τρία χιλιόμετρα,Tra tre chilometri,Za tři kilometry,Három kilométer után,După trei kilometri,三キロ先,Om tre kilometer,En tres kilómetros,D'aquí a tres quilòmetres,Kolmen kilometrin päässä,तीन किलोमीटर में।,Za tri kilometra,Setelah tiga kilometer,삼 킬로미터 앞,A três quilômetros,Po troch kilometroch,Kabla ya kilomita tatu,อีกสามกิโลเมตร,前方三千米,前方三千米,In 3 kilometres.
Linking word. (It is used like distances.),then,Then,Затем,Następnie,Efter det,Sonra,Puis,Daarna,Danach,ثم,Στη συνέχεια,Quindi,Poté,Majd,Apoi,その先,Derefter,Después,Després,Sitten.,फिर।,Zatim,Lalu.,그 다음,Depois,Potom,Kisha,จากนั้น,然後,然后,Then.
,take_the_1_exit,Take the first exit.,Первый поворот с кольца.,Zjedź pierwszym zjazdem.,Ta första avfarten.,İlk çıkıştan çıkın.,Prenez la première sortie.,Neem de eerste afslag.,Nehmen Sie die erste Ausfahrt.,اسلك المخرج الأول.,Πάρτε την πρώτη έξοδο.,Prendi la prima uscita.,Vyjeďte prvním výjezdem.,Hajtson ki az első kijáratnál.,Folosiți prima ieșire.,一番目の出口です。,Tag den første afkørsel.,Tome la primera salida.,Agafeu la primera sortida.,Poistu seuraavassa liittymässä.,पहला एग्जिट लें।,Izađite na prvom izlazu.,Ambil jalan keluar pertama.,첫 번째 출구입니다.,Saia na primeira saída.,Opustite kruhový objazd na prvom výjazde.,Ingia barabara ya kwanza ya kutoka.,ออกทางออกที่หนึ่ง,取道第一個出口。,取道第一个出口。,Take the first exit.
,take_the_2_exit,Take the second exit.,Второй поворот с кольца.,Zjedź drugim zjazdem.,Ta andra avfarten.,İkinci çıkıştan çıkın.,Prenez la deuxième sortie.,Neem de tweede afslag.,Nehmen Sie die zweite Ausfahrt.,اسلك المخرج الثاني.,Πάρτε τη δεύτερη έξοδο.,Prendi la seconda uscita.,Vyjeďte druhým výjezdem.,Hajtson ki a második kijáratnál.,Folosiți a doua ieșire.,二番目の出口です。,Tag den anden afkørsel.,Tome la segunda salida.,Agafeu la segona sortida.,Poistu toisessa liittymässä.,दूसरा एग्जिट लें।,Izađite na drugom izlazu.,Ambil jalan keluar kedua.,두 번째 출구입니다.,Saia na segunda saída.,Opustite kruhový objazd na druhom výjazde.,Ingia barabara ya pili ya kutoka.,ออกทางออกที่สอง,取道第二個出口。,取道第二个出口。,Take the second exit.
,take_the_3_exit,Take the third exit.,Третий поворот с кольца.,Zjedź trzecim zjazdem.,Ta tredje avfarten.,Üçüncü çıkıştan çıkın.,Prenez la troisième sortie.,Neem de derde afslag.,Nehmen Sie die dritte Ausfahrt.,اسلك المخرج الثالث.,Πάρτε την τρίτη έξοδο.,Prendi la terza uscita.,Vyjeďte třetím výjezdem.,Hajtson ki a harmadik kijáratnál.,Folosiți a treia ieșire.,三番目の出口です。,Tag den tredje afkørsel.,Tome la tercera salida.,Agafeu la tercera sortida.,Poistu kolmannessa liittymässä.,तीसरा एग्जिट लें।,Izađite na trećem izlazu.,Ambil jalan keluar ketiga.,세 번째 출구입니다.,Saia na terceira saída.,Opustite kruhový objazd na treťom výjazde.,Ingia barabara ya tatu ya kutoka.,ออกทางออกที่สาม,取道第三個出口。,取道第三个出口。,Take the third exit.
,take_the_4_exit,Take the fourth exit.,Четвертый поворот с кольца.,Zjedź czwartym zjazdem.,Ta fjärde avfarten.,Dördüncü çıkıştan çıkın.,Prenez la quatrième sortie.,Neem de vierde afslag.,Nehmen Sie die vierte Ausfahrt.,اسلك المخرج الرابع.,Πάρτε την τέταρτη έξοδο.,Prendi la quarta uscita.,Vyjeďte čtvrtým výjezdem.,Hajtson ki a negyedik kijáratnál.,Folosiți a patra ieșire.,四番目の出口です。,Tag den fjerde afkørsel.,Tome la cuarta salida.,Agafeu la quarta sortida.,Poistu neljännessä liittymässä.,चौथा एग्जिट लें।,Izađite na četvrtom izlazu.,Ambil jalan keluar keempat,네 번째 출구입니다.,Saia na quarta saída.,Opustite kruhový objazd na štvrtom výjazde.,Ingia barabara ya nne ya kutoka.,ออกทางออกที่สี่,取道第四個出口。,取道第四个出口。,Take the 4th exit.
,take_the_5_exit,Take the fifth exit.,Пятый  поворот с кольца.,Zjedź piątym zjazdem.,Ta femte avfarten.,Beşinci çıkıştan çıkın.,Prenez la cinquième sortie.,Neem de vijfde afslag.,Nehmen Sie die fünfte Ausfahrt.,اسلك المخرج الخامس.,Πάρτε την πέμπτη έξοδο.,Prendi la quinta uscita.,Vyjeďte pátým výjezdem.,Hajtson ki a ötödik kijáratnál.,Folosiți a cincea ieșire.,五番目の出口です。,Tag den femte afkørsel.,Tome la quinta salida.,Agafeu la cinquena sortida.,Poistu viidennessä liittymässä.,पाँचवाँ एग्जिट लें।,Izađite na petom izlazu.,Ambil jalan keluar kelima.,다섯 번째 출구입니다.,Saia na quinta saída.,Opustite kruhový objazd na piatom výjazde.,Ingia barabara ya tano ya kutoka.,ออกทางออกที่ห้า,取道第五個出口。,取道第五个出口。,Take the 5th exit.
,take_the_6_exit,Take the sixth exit.,Шестой поворот с кольца.,Zjedź szóstym zjazdem.,Ta sjätte avfarten.,Altıncı çıkıştan çıkın.,Prenez la sixième sortie.,Neem de zesde afslag.,Nehmen Sie die sechste Ausfahrt.,اسلك المخرج السادس.,Πάρτε την έκτη έξοδο.,Prendi la sesta uscita.,Vyjeďte šestým výjezdem.,Hajtson ki a hatodik kijáratnál.,Folosiți a șasea ieșire.,六番目の出口です。,Tag den sjette afkørsel.,Tome la sexta salida.,Agafeu la sisena sortida.,Poistu kuudennessa liittymässä.,छठा एग्जिट लें।,Izađite na šestom izlazu.,Ambil jalan keluar keenam.,여섯 번째 출구입니다.,Saia na sexta saída.,Opustite kruhový objazd na šiestom výjazde.,Ingia barabara ya sita ya kutoka.,ออกทางออกที่หก,取道第六個出口。,取道第六个出口。,Take the 6th exit.
,take_the_7_exit,Take the seventh exit.,Седьмой поворот с кольца.,Zjedź siódmym zjazdem.,Ta sjunde avfarten.,Yedinci çıkıştan çıkın.,Prenez la septième sortie.,Neem de zevende afslag.,Nehmen Sie die siebte Ausfahrt.,اسلك المخرج السابع.,Πάρτε την έβδομη έξοδο.,Prendi la settima uscita.,Vyjeďte sedmým výjezdem.,Hajtson ki a hetedik kijáratnál.,Folosiți a șaptea ieșire.,七番目の出口です。,Tag den syvende afkørsel.,Tome la séptima salida.,Agafeu la setena sortida.,Poistu seitsemännessä liittymässä.,सातवाँ एग्जिट लें।,Izađite na sedmom izlazu.,Ambil jalan keluar ketujuh.,일곱 번째 출구입니다.,Saia na sétima saída.,Opustite kruhový objazd na siedmom výjazde.,Ingia barabara ya saba ya kutoka.,ออกทางออกที่เจ็ด,取道第七個出口。,取道第七个出口。,Take the 7th exit.
,take_the_8_exit,Take the eighth exit.,Восьмой поворот с кольца.,Zjedź ósmym zjazdem.,Ta åttonde avfarten.,Sekizinci çıkıştan çıkın.,Prenez la huitième sortie.,Neem de achtste afslag.,Nehmen Sie die achte Ausfahrt.,اسلك المخرج الثامن.,Πάρτε την όγδοη έξοδο.,Prendi l'ottava uscita.,Vyjeďte osmým výjezdem.,Hajtson ki a nyolcadik kijáratnál.,Folosiți a opta ieșire.,八番目の出口です。,Tag den ottende afkørsel.,Tome la octava salida.,Agafeu la vuitena sortida.,Poistu kahdeksannessa liittymässä.,आठवाँ एग्जिट लें।,Izađite na osmom izlazu.,Ambil jalan keluar kedelapan.,여덟 번째 출구입니다.,Saia na oitava saída.,Opustite kruhový objazd na ôsmom výjazde.,Ingia barabara ya nane ya kutoka.,ออกทางออกที่แปด,取道第八個出口。,取道第八个出口。,Take the 8th exit.
,take_the_9_exit,Take the ninth exit.,Девятый поворот с кольца.,Zjedź dziewiątym zjazdem.,Ta nionde avfarten.,Dokuzuncu çıkıştan çıkın.,Prenez la neuvième sortie.,Neem de negende afslag.,Nehmen Sie die neunte Ausfahrt.,اسلك المخرج التاسع.,Πάρτε την έννατη έξοδο.,Prendi la nona uscita.,Vyjeďte devátým výjezdem.,Hajtson ki a kilencedik kijáratnál.,Folosiți a noua ieșire.,九番目の出口です。,Tag den niende afkørsel.,Tome la novena salida.,Agafeu la novena sortida.,Poistu yhdeksännessä liittymässä.,नौवें निकास को लें।,Izađite na devetom izlazu.,Ambil jalan keluar kesembilan.,아홉 번째 출구입니다.,Saia na nona saída.,Opustite kruhový objazd na deviatom výjazde.,Ingia barabara ya tisa ya kutoka.,ออกทางออกที่เก้า,取道第九個出口。,取道第九个出口。,Take the 9th exit.
,take_the_10_exit,Take the tenth exit.,Десятый поворот с кольца.,Zjedź dziesiątym zjazdem.,Ta tionde avfarten.,Onuncu çıkıştan çıkın.,Prenez la dixième sortie.,Neem de tiende afslag.,Nehmen Sie die zehnte Ausfahrt.,اسلك المخرج العاشر.,Πάρτε τη δέκατη έξοδο.,Prendi la decima uscita.,Vyjeďte desátým výjezdem.,Hajtson ki a tízedik kijáratnál.,Folosiți a zecea ieșire.,十番目の出口です。,Tag den tiende afkørsel.,Tome la décima salida.,Agafeu la dècima sortida.,Poistu kymmenennessä liittymässä.,दसवाँ एग्जिट लें।,Izađite na desetom izlazu.,Ambil jalan keluar kesepuluh.,열 번째 출구입니다.,Saia na décima saída.,Opustite kruhový objazd na desiatom výjazde.,Ingia barabara ya kumi ya kutoka.,ออกทางออกที่สิบ,取道第十個出口。,取道第十个出口。,Take the 10th exit.
,take_the_11_exit,Take the eleventh exit.,Одиннадцатый поворот с кольца.,Zjedź jedenastym zjazdem.,Ta elfte avfarten.,On birinci çıkıştan çıkın.,Prenez la onzième sortie.,Neem de elfde afslag.,Nehmen Sie die elfte Ausfahrt.,اسلك المَخْرَج الحادي عشر.,Πάρτε την ενδέκατη έξοδο.,Prendi l'undicesima uscita.,Vyjeďte jedenáctým výjezdem.,Hajtson ki a tizenegyedik kijáratnál.,Folosiți a unsprezecea ieșire.,十一番目の出口です。,Tag den ellevte afkørsel.,Tome la undécima salida.,Agafeu l'onzena sortida.,Poistu yhdennessätoista liittymässä.,ग्‍यारहवाँ एग्जिट लें।,Izađite na jedanaestom izlazu.,Ambil jalan keluar kesebelas.,열한 번째 출구입니다.,Saia na décima primeira saída.,Opustite kruhový objazd na jedenástom výjazde.,Ingia barabara ya kumi na moja ya kutoka.,ออกทางออกที่สิบเอ็ด,取道第十一個出口。,取道第十一个出口。,Take the 11th exit.
Distances. Imperial system: feet and miles.,in_50_feet,In fifty feet,Через пятьдесят футов,Za pięćdziesiąt stóp,Om femtio fot,Elli fit sonra,Dans cinquante pieds,Over vijftig voet,In fünfzig Fuß,بعد خمسين قدمًا,Σε πενήντα πόδια,Tra cinquanta piedi,Za padesát stop,Ötven láb után,După cincizeci de picioare.,五十フィート先,Om halvtreds fod,En cincuenta pies,D'aquí a cinquanta peus.,Viidenkymmenen jalan päässä,पचास फीट में।,Za pedeset stopa,Setelah lima puluh kaki,오십 피트 앞,A cinquenta pés,Po päťdesiatich stopách,Kabla ya futi hamsini,อีกห้าสิบฟุต,前方五十英尺,前方五十英尺,In 50 feet.
,in_100_feet,In one hundred feet,Через сто футов,Za sto stóp,Om ett hundra fot,Yüz fit sonra,Dans cent pieds,Over honderd voet,In einhundert Fuß,بعد مئة قدم,Σε εκατό πόδια,Tra cento piedi,Za sto stop,Száz láb után,După o sută de picioare,百フィート先,Om et hundrede fod,En cien pies,D'aquí a cent peus,Sadan jalan päässä,सौ फीट में।,Za stotinu stopa,Setelah seratus kaki,백 피트 앞,A cem pés,Po sto stopách,Kabla ya futi mia moja,อีกหนึ่งร้อยฟุต,前方一百英尺,前方一百英尺,In 100 feet.
,in_200_feet,In two hundred feet,Через двести футов,Za dwieście stóp,Om två hundra fot,İki yüz fit sonra,Dans deux cents pieds,Over tweehonderd voet,In zweihundert Fuß,بعد مئتين قدم,Σε διακόσια πόδια,Tra duecento piedi,Za dvě stě stop,Kétszáz láb után,După două sute de picioare,二百フィート先,Om to hundrede fod,En doscientos pies,D'aquí a dos-cents peus,Kahdensadan jalan päässä,दो सौ फीट में।,Za dvije stotine stopa,Setelah dua ratus kaki,이백 피트 앞,A duzentos pés,Po dvesto stopách,Kabla ya futi mia mbili,อีกสองร้อยฟุต,前方二百英尺,前方两百英尺,In 200 feet.
,in_300_feet,In three hundred feet,Через триста футов,Za trzysta stóp,Om tre hundra fot,Üç yüz fit sonra,Dans trois cents pieds,Over driehonderd voet,In dreihundert Fuß,بعد ثلاثمئة قدم,Σε τριακόσια πόδια,Tra trecento piedi,Za tři sta stop,Háromszáz láb után,După trei sute de picioare,三百フィート先,Om tre hundrede fod,En trescientos pies,D'aquí a tres-cents peus,Kolmensadan jalan päässä,तीन सौ फीट में।,Za tri stotine stopa,Setelah tiga ratus kaki,삼백 피트 앞,A trezentos pés,Po tristo stopách,Kabla ya futi mia tatu,อีกสามร้อยฟุต,前方三百英尺,前方三百英尺,In 300 feet.
,in_400_feet,In four hundred feet,Через четыреста футов,Za czterysta stóp,Om fyra hundra fot,Dört yüz fit sonra,Dans quatre cents pieds,Over vierhonderd voet,In vierhundert Fuß,بعد أربعمئة قدم,Σε τετρακόσια πόδια,Tra quattrocento piedi,Za čtyři sta stop,Négyszáz láb után,După patru sute de picioare,四百フィート先,Om fire hundrede fod,En cuatrocientos pies,D'aquí a quatre-cents peus,Neljänsadan jalan päässä,चार सौ फीट में।,Za četiri stotine stopa,Setelah empat ratus kaki,사백 피트 앞,A quatrocentos pés,Po štyristo stopách,Kabla ya futi mia nne,อีกสี่ร้อยฟุต,前方四百英尺,前方四百英尺,In 400 feet.
,in_500_feet,In five hundred feet,Через пятьсот футов,Za pięćset stóp,Om fem hundra fot,Beş yüz fit sonra,Dans cinq cents pieds,Over vijfhonderd voet,In fünfhundert Fuß,بعد خمسمئة قدم,Σε πεντακόσια πόδια,Tra cinquecento piedi,Za pět set stop,Ötszáz láb után,După cinci sute de picioare,五百フィート先,Om femte hundrede fod,En quinientos pies,D'aquí a cinc-cents peus,Viidensadan jalan päässä,पांच सौ फीट में।,Za pet stotina stopa,Setelah lima ratus kaki,오백 피트 앞,A quinhentos pés,Po päťsto stopách,Kabla ya futi mia tano,อีกห้าร้อยฟุต,前方五百英尺,前方五百英尺,In 500 feet.
,in_600_feet,In six hundred feet,Через шестьсот футов,Za sześćset stóp,Om sex hundra fot,Altı yüz fit sonra,Dans six cents pieds,Over zeshonderd voet,In sechshundert Fuß,بعد ستمئة قدم,Σε εξακόσια πόδια,Tra seicento piedi,Za šest set stop,Hatszáz láb után,După șase sute de picioare,六百フィート先,Om sjette hundrede fod,En seiscientos pies,D'aquí a sis-cents peus,Kuudensadan jalan päässä,छह सौ फीट में।,Za šest stotina stopa,Setelah enam ratus kaki,육백 피트 앞,A seiscentos pés,Po šesťsto stopách,Kabla ya futi mia sita,อีกหกร้อยฟุต,前方六百英尺,前方六百英尺,In 600 feet.
,in_700_feet,In seven hundred feet,Через семьсот футов,Za siedemset stóp,Om sju hundra fot,Yedi yüz fit sonra,Dans sept cents pieds,Over zevenhonderd voet,In siebenhundert Fuß,بعد سبعمئة قدم,Σε επτακόσια πόδια,Tra settecento piedi,Za sedm set stop,Hétszáz láb után,După șapte sute de picioare,七百フィート先,Om syv hundrede fod,En setecientos pies,D'aquí a set-cents peus,Seitsemänsadan jalan päässä,सात सौ फीट में।,Za sedam stotina stopa,Setelah tujuh ratus kaki,칠백 피트 앞,A setecentos pés,Po sedemsto stopách,Kabla ya futi mia saba,อีกเจ็ดร้อยฟุต,前方七百英尺,前方七百英尺,In 700 feet.
,in_800_feet,In eight hundred feet,Через восемьсот футов,Za osiemset stóp,Om åtta hundra fot,Sekiz yüz fit sonra,Dans huit cents pieds,Over achthonderd voet,In achthundert Fuß,بعد ثمانمئة قدم,Σε οκτακόσια πόδια,Tra ottocento piedi,Za osm set stop,Nyolcszáz láb után,După opt sute de picioare,八百フィート先,Om otte hundrede fod,En ochocientos pies,D'aquí a vuit-cents peus,Kahdeksansadan jalan päässä,आठ सौ फीट में।,Za osam stotina stopa,Setelah delapan ratus kaki,팔백 피트 앞,A oitocentos pés,Po osemsto stopách,Kabla ya futi mia nane,อีกแปดร้อยฟุต,前方八百英尺,前方八百英尺,In 800 feet.
,in_900_feet,In nine hundred feet,Через девятьсот футов,Za dziewięćset stóp,Om nio hundra fot,Dokuz yüz fit sonra,Dans neuf cents pieds,Over negenhonderd voet,In neunhundert Fuß,بعد تسعمئة قدم,Σε εννιακόσια πόδια,Tra novecento piedi,Za devět set stop,Kilencszáz láb után,După nouă sute de picioare,九百フィート先,Om ni hundrede fod,En novecientos pies,D'aquí a nou-cents peus,Yhdeksänsadan jalan päässä,नौ सौ फीट में।,Za devet stotina stopa,Setelah sembilan ratus kaki,구백 피트 앞,A novecentos pés,Po deväťsto stopách,Kabla ya futi mia tisa,อีกเก้าร้อยฟุต,前方九百英尺,前方九百英尺,In 900 feet.
,in_1000_feet,In one thousand feet,Через тысячу футов,Za tysiąc stóp,Om ett tusen fot,Bin fit sonra,Dans mille pieds,Over duizend voet,In eintausend Fuß,بعد ألف قدم,Σε χίλια πόδια,Tra mille piedi,Za tisíc stop,Ezer láb után,După o mie de picioare,千フィート先,Om et tusind fod,En mil pies,D'aquí a mil peus,Tuhannen jalan päässä,एक हजार फीट में।,Za tisuću stopa,Setelah seribu kaki,천 피트 앞,A mil pés,Po tisíc stopách,Kabla ya futi elfu moja,อีกหนึ่งพันฟุต,前方一千英尺,前方一千英尺,In 1000 feet.
,in_1500_feet,In fifteen hundred feet,Через тысячу пятьсот футов,Za tysiąc pięćset stóp,Om ett tusen fem hundra fot,Bin beş yüz fit sonra,Dans mille cinq cents pieds,Over vijftienhonderd voet,In eintausendfünfhundert Fuß,بعد ألف وخمسمئة قدم,Σε χίλια πεντακόσια πόδια,Tra mille cinquecento piedi,Za tisíc pět set stop,Ezerötszáz láb után,După o mie cinci sute de picioare,千五百フィート先,Om et tusind fem hundrede fod,En mil quinientos pies,D'aquí a mil cinc-cents peus,Tuhannenviidensadan jalan päässä,एक हजार पांच सौ फीट में।,Za tisuću i pet stotina stopa,Setelah seribu lima ratus kaki,천오백 피트 앞,A mil e quinhentos pés,Po tisícpäťsto stopách,Kabla ya futi elfu moja na mia tano,อีกหนึ่งพันห้าร้อยฟุต,前方一千五百英尺,前方一千五百英尺,In 1500 feet.
,in_2000_feet,In two thousand feet,Через две тысячи футов,Za dwa tysiące stóp,Om två tusen fot,İki bin fit sonra,Dans deux mille pieds,Over tweeduizend voet,In zweitausend Fuß,بعد ألفين قدم,Σε δύο χιλιάδες πόδια,Tra duemila piedi,Za dva tisíce stop,Kétezer láb után,După două mii de picioare,二千フィート先,Om to tusind fod,En dos mil pies,D'aquí a dos mil peus,Kahdentuhannen jalan päässä,दो हजार फीट में।,Za dvije tisuće stopa,Setelah dua ribu kaki,이천 피트 앞,A dois mil pés,Po dvetisíc stopách,Kabla ya futi elfu mbili,อีกสองพันฟุต,前方二千英尺,前方两千英尺,In 2000 feet.
,in_2500_feet,In twenty five hundred feet,Через две тысячи пятьсот футов,Za dwa tysiące pięćset stóp,Om två tusen fem hundra fot,İki bin beş yüz fit sonra,Dans deux mille cinq cents pieds,Over vijfentwintighonderd voet,In zweitausendfünfhundert Fuß,بعد ألفين وخمسمئة قدم,Σε δύο χιλιάδες πεντακόσια πόδια,Tra duemila cinquecento piedi,Za dva tisíce pět set stop,Kétezer-ötszáz láb után,După două mii cinci sute de picioare,二千五百フィート先,Om to tusinde fem hundrede fod,En dos mil quinientos pies,D'aquí a dos mil cinc-cents peus,Kahdentuhannenviidensadan jalan päässä,दो हजार पांच सौ फीट में।,Za dvije tisuće i pet stotina stopa,Setelah dua ribu lima ratus kaki,이천오백 피트 앞,A dois mil e quinhentos pés,Po dvetisícpäťsto stopách,Kabla ya futi elfu mbili na mia tano,อีกสองพันห้าร้อยฟุต,前方二千五百英尺,前方两千五百英尺,In 2500 feet.
,in_3000_feet,In three thousand feet,Через три тысячи футов,Za trzy tysiące stóp,Om tre tusen fot,Üç bin fit sonra,Dans trois mille pieds,Over drieduizend voet,In dreitausend Fuß,بعد ثلاثة آلاف قدم,Σε τρεις χιλιάδες πόδια,Tra tremila piedi,Za tři tisíce stop,Háromezer láb után,După trei mii de picioare,三千フィート先,Om tre tusind fod,En tres mil pies,D'aquí a tres mil peus,Kolmentuhannen jalan päässä,तीन हजार फीट में।,Za tri tisuće stopa,Setelah tiga ribu kaki,삼천 피트 앞,A três mil pés,Po tritisíc stopách,Kabla ya futi elfu tatu,อีกสามพันฟุต,前方三千英尺,前方三千英尺,In 3000 feet.
,in_3500_feet,In thirty five hundred feet,Через три тысячи пятьсот футов,Za trzy tysiące pięćset stóp,Om tre tusen fem hundra fot,Üç bin beş yüz fit sonra,Dans trois mille cinq cents pieds,Over vijfendertighonderd voet,In dreitausendfünfhundert Fuß,بعد ثلاثة آلاف وخمسمئة قدم,Σε τρεις χιλιάδες πεντακόσια πόδια,Tra tremila cinquecento piedi,Za tři tisíce pět set stop,Háromezer-ötszáz láb után,După trei mii cinci sute de picioare,三千五百フィート先,Om tre tusind fem hundrede fod,En tres mil quinientos pies,D'aquí a tres mil cinc-cents peus,Kolmentuhannenviidensadan jalan päässä,तीन हजार पांच सौ फीट में।,Za tri tisuće i pet stotina stopa,Setelah tiga ribu lima ratus kaki,삼천오백 피트 앞,A três mil e quinhentos pés,Po tritisícpäťsto stopách,Kabla ya futi elfu tatu na mia tano,อีกสามพันห้าร้อยฟุต,前方三千五百英尺,前方三千五百英尺,In 3500 feet.
,in_4000_feet,In four thousand feet,Через четыре тысячи футов,Za cztery tysiące stóp,Om fyra tusen fot,Dört bin fit sonra,Dans quatre mille pieds,Over vierduizend voet,In viertausend Fuß,بعد أربعة آلاف قدم,Σε τέσσερις χιλιάδες πόδια,Tra quattromila piedi,Za čtyři tisíce stop,Négyezer láb után,După patru mii de picioare,四千フィート先,Om fire tusind fod,En cuatro mil pies,D'aquí a quatre mil peus,Neljäntuhannen jalan päässä,चार हजार फीट में।,Za četiri tisuće stopa,Setelah empat ribu kaki,사천 피트 앞,A quatro mil pés,Po štyritisíc stopách,Kabla ya futi elfu nne,อีกสี่พันฟุต,前方四千英尺,前方四千英尺,In 4000 feet.
,in_4500_feet,In forty five hundred feet,Через четыре тысячи пятьсот футов,Za cztery tysiące pięćset stóp,Om fyra tusen fem hundra fot,Dört bin beş yüz fit sonra,Dans quatre mille cinq cents pieds,Over vijfenveertighonderd voet,In viertausendfünfhundert Fuß,بعد أربعة آلاف وخمسمئة قدم,Σε τέσσερις χιλιάδες πεντακόσια πόδια,Tra quattromila cinquecento piedi,Za čtyři tisíce pět set stop,Négyezer-ötszáz láb után,După patru mii cinci sute de picioare,四千五百フィート先,Om fire tusind fem hundrede fod,En cuatro mil quinientos pies,D'aquí a quatre mil cinc-cents peus,Neljäntuhannenviidensadan jalan päässä,चार हजार पांच सौ फीट में।,Za četiri tisuće i pet stotina stopa,Setelah empat ribu lima ratus kaki,사천오백 피트 앞,A quatro mil e quinhentos pés,Po štyritisícpäťsto stopách,Kabla ya futi elfu nne na mia tano,อีกสี่พันห้าร้อยฟุต,前方四千五百英尺,前方四千五百英尺,In 4500 feet.
,in_5000_feet,In five thousand feet,Через пять тысяч футов,Za pięć tysięcy stóp,Om fem tusen fot,Beş bin fit sonra,Dans cinq mille pieds,Over vijfduizend voet,In fünftausend Fuß,بعد خمسة آلاف قدم,Σε πέντε χιλιάδες πόδια,Tra cinquemila piedi,Za pět tisíc stop,Ötezer láb után,După cinci mii de picioare,五千フィート先,Om fem tusind fod,En cinco mil pies,D'aquí a cinc mil peus,Viidentuhannen jalan päässä,पांच हजार फीट में।,Za pet tisuća stopa,Setelah lima ribu kaki,오천 피트 앞,A cinco mil pés,Po päťtisíc stopách,Kabla ya futi elfu tano,อีกห้าพันฟุต,前方五千英尺,前方五千英尺,In 5000 feet.
,in_1_mile,In one mile,Через одну милю,Za jedną milę,Om en mile,Bir mil sonra,Dans un mile,Over één mijl,In einer Meile,بعد ميل واحد,Σε ένα μίλι,Tra un miglio,Za jednu míli,Egy mérföld után,După o milă.,一マイル先,Om en mil,En una milla,D'aquí a una milla,Mailin päässä,एक मील में।,Za jednu milju,Setelah satu mil,일 마일 앞,A uma milha,Po jednej míli,Kabla ya maili moja,อีกหนึ่งไมล์,前方一英里,前方一英里,In one mile.
,in_1_5_miles,In one and a half miles,Через полторы мили,Za półtorej mili,Om en och en halv mile,Bir buçuk mil sonra,Dans un virgule cinq mile,Over anderhalve mijl,In anderthalb Meilen,بعد ميل ونصف,Σε ενάμιση μίλι,Tra un miglio e mezzo,Za jednu a půl míle,Másfél mérföld után,După o milă și jumătate.,一.五マイル先,Om halvanden mil,En una milla y media,D'aquí a quilòmetre i mig,Puolentoista mailin päässä,डेढ़ मील में।,Za jednu i pol milju,Setelah satu setengah mil,일점오 마일 앞,A uma milha e meia,Po jeden a pol míli,Kabla ya maili moja na nusu,อีกหนึ่งไมล์ครึ่ง,前方一點五英里,前方一点五英里,In one and a half miles.
,in_2_miles,In two miles,Через две мили,Za dwie mile,Om två mile,İki mil sonra,Dans deux miles,Over twee mijl,In zwei Meilen,بعد ميلين,Σε δύο μίλια,Tra due miglia,Za dvě míle,Két mérföld után,După două mile.,二マイル先,Om to mil,En dos millas,D'aquí a dues milles,Kahden mailin päässä,दो मील में।,Za dvije milje,Setelah dua mil,이 마일 앞,A duas milhas,Po dvoch míľach,Kabla ya maili mbili,อีกสองไมล์,前方兩英里,前方两英里,In two miles.
,,,,,,,,,,,,,,,,,,,,,,,,,,,,,,,
,,,,,,,,,,,,,,,,,,,,,,,,,,,,,,,
,,,,,,,,,,,,,,,,,,,,,,,,,,,,,,,
,,You will reach the destination in one hundred meters.,,Za sto metrów dojedziesz do celu.,Du når slutmålet om ett hundra meter.,Hedefe yüz metre sonra ulaşacaksınız.,Vous arriverez à destination dans 100 mètres.,Over honderd meter: bereikt u de bestemming.,In einhundert Metern erreichen Sie das Ziel.,ستصل إلى وجهتك بعد مئة متر.,Θα φτάσετε τον προορισμό σας σε εκατό μέτρα.,Raggiungerai la destinazione tra cento metri.,Do cíle dorazíte za sto metrů.,Száz méter után megérkezik az úti célhoz.,După o sută de metri veți ajunge la destinație.,百メートル先、目的地です。,Du vil nå destinationen om et hundrede meter.,Llegará al destino en cien metros.,Arribareu a la vostra destinació d'aquí a cent metres.,Kohteesi on sadan metrin päässä.,आप एक सौ मीटर में गंतव्‍य पर पहुँच जायेंगे।,Doći ćete do odredišta za stotinu metara.,Anda akan sampai di tujuan setelah seratus meter.,백미터 앞에 목적지입니다.,Chegará ao destino dentro de cem metros.,Po sto metroch dorazíte do cieľa.,Utafika mwisho wa safari KABLA YA MITA mia moja.,คุณจะถึงที่หมายในอีกหนึ่งร้อยเมตร,前方一百米到達目的地。,前方一百米到达目的地。,You will reach the destination in 100 metres.
,,You will reach the intermediate point in one hundred meters.,,Za sto metrów dojedziesz do punktu pośredniego.,Du når delmålet om ett hundra meter.,Ara noktaya yüz metre sonra ulaşacaksınız.,Vous arriverez au point intermédiaire dans 100 mètres.,Over honderd meter: bent u halverwege.,In einhundert Metern erreichen Sie den Zwischenpunkt.,ستصل إلى منتصف الطريق بعد مئة متر.,Θα φτάσετε το ενδιάμεσο σημείο σε εκατό μέτρα.,Raggiungerai il punto intermedio tra cento metri.,Do přechodného bodu dorazíte za sto metrů.,Száz méter után megérkezik a közbenső ponthoz.,După o sută de metri veți ajunge la punctul intermediar.,百メートル先、中間地点です。,Du vil nå mellempunktet om et hundrede meter.,Llegará al punto intermedio en cien metros.,Arribareu al punt intermedi d'aquí a cent metres.,Välipisteesi on sadan metrin päässä.,आप एक सौ मीटर में मध्‍य बिंदु पर पहुँच जायेंगे।,Doći ćete do među-točke za stotinu metara.,Anda akan sampai di titik pertengahan rute setelah seratus meter.,백미터 앞에 중간 지점입니다.,Chegará ao ponto intermédio dentro de cem metros.,Po sto metroch dorazíte do prechodného bodu.,Utafika katikati ya safari KABLA YA MITA mia moja.,คุณจะถึงจุดแวะพักในอีกหนึ่งร้อยเมตร,前方一百米到達中間經停點。,前方一百米到达中间经停点。,You will reach the intermediate point in 100 metres.
,,In half a mile. ,Через пол мили.,Za pół mili.,Om en halv mile.,Yarım mil içinde.,Dans un demi mile.,Nog een halve mijl.,Nach einer halben Meile.,على مسافة نصف ميل.,Σε μισό μίλι.,Tra mezzo miglio.,Za půl míle.,Fél mérföld múlva.,În jumătate de milă.,0.5マイル先。,Om en halv mil.,En media milla.,En media milla.,800 metrin kuluttua.,आधे मील के अंदर।,Nakon pola milje.,Dalam jarak setengah mil.,반 마일에서.,Em meia milha.,Po polovici míle.,Katika nusu maili.,ในครึ่งไมล์,在半英里。,半英里内。,In half a mile.
,,,,,,,,,,,,,,,,,,,,,,,,,,,,,,,
,,Bear left.,Возьмите левее.,Jedź lewą stroną.,Håll till vänster.,Sola yönelin.,Prenez à gauche.,Houd links aan.,Links halten.,انعطف قليلا لليسار.,Προχώρησε αριστερά.,Segui la strada sulla sinistra.,Odbočte doleva.,Haladjon fokozatosan balra.,Înapoi la stânga.,左方向です。,Hold til venstre.,Manténgase a la izquierda.,Gireu a l´esquerra.,Pitäydy vasemmalla.,बायीं ओर चलें।,Držite se lijevog puta.,Pertahankan di kiri.,왼쪽으로 나아가십시오.,Siga pela esquerda.,Jazdite vľavo.,Egemea kushoto.,ชิดซ้าย,靠左。,向左转。,
,,Bear right.,Возьмите правее.,Jedź prawą stroną.,Håll till höger.,Sağa yönelin.,Prenez à droite.,Houd rechts aan.,Rechts halten.,انعطف قليلا لليمين.,Προχώρησε δεξιά.,Segui la strada sulla destra.,Odbočte doprava.,Haladjon fokozatosan jobbra.,Înapoi la dreapta.,右方向です。,Hold til højre.,Manténgase a la derecha.,Gireu a la dreta.,Pitäydy oikealla.,दायीं ओर चलें।,Držite se desnog puta.,Pertahankan di kanan.,오른쪽으로 나아가십시오.,Siga pela direita.,Jazdite vpravo.,Egemea kulia.,ชิดขวา,靠右。,向右转。,
,,Keep left.,Держитесь левее.,Trzymaj się lewej.,Fortsätt hålla till vänster.,Solda kalın.,Serrez à gauche.,Blijf aan de linkerkant.,Links halten.,الزم اليسار.,Συνέχισε αριστερά.,Tieni la sinistra.,Držte se vlevo.,Tartson balra.,Mențineți stânga.,左に直進です。,Hold til venstre.,Siga por la izquierda.,Mantingueu-vos a l´esquerra.,Pysy vasemmalla.,बायीं ओर रखें।,Držite se lijeve strane.,Tetap di kiri.,왼쪽으로 유지하십시오.,Mantenha a esquerda.,Držte sa vľavo.,Kuwa upande wa kushoto.,ชิดซ้าย,靠左行。,保持在左边。,
,,Keep right.,Держитесь правее.,Trzymaj się prawej.,Fortsätt hålla till höger.,Sağda kalın.,Serrez à droite.,Blijf aan de rechterkant.,Rechts halten.,الزم اليمين.,Συνέχισε δεξιά.,Tieni la destra.,Držte se vpravo.,Tartson jobbra.,Mențineți dreapta.,右に直進です。,Hold til højre.,Siga por la derecha.,Mantingueu-vos a la dreta.,Pysy oikealla.,दायीं ओर रखें।,Držite se desne strane.,Tetap di kanan.,오른쪽으로 유지하십시오.,Mantenha a direita.,Držte sa vpravo.,Kuwa upande wa kulia.,ชิดขวา,靠右行。,保持在右边。,
,,Make a right.,Поворот направо.,Skręć w prawo.,Sväng höger.,Sağa dönün.,Tournez à droite.,Sla rechtsaf.,Biegen Sie rechts ab.,انعطف تجاه اليمين.,Στρίψτε δεξιά.,Gira a destra.,Odbočte doprava.,Forduljon jobbra.,Întoarceți la dreapta.,右方向です。,Drej til højre.,Gire a la derecha.,Gireu a la dreta.,Käänny oikeaan.,दाएँ मुड़ें।,Skrenite udesno.,Belok ke kanan.,우회전입니다.,Vire à direita.,Odbočte doprava.,Geuka kulia.,เลี้ยวขวา,右轉。,右转。,Make a sharp right turn.
,,Make a left.,Поворот налево.,Skręć w lewo.,Sväng vänster.,Sola dönün.,Tournez à gauche.,Sla linksaf.,Biegen Sie links ab.,انعطف تجاه اليسار.,Στρίψτε αριστερά.,Gira a sinistra.,Odbočte doleva.,Forduljon balra.,Întoarceți la stânga.,左方向です。,Drej til venstre.,Gire a la izquierda.,Gireu a l'esquerra.,Käänny vasempaan.,बाएँ मुड़ें।,Skrenite ulijevo.,Belok ke kiri.,좌회전입니다.,Vire à esquerda.,Odbočte doľava.,Geuka kushoto.,เลี้ยวซ้าย,左轉。,左转。,Make a sharp left turn.
,,Make a slight right.,Плавный поворот направо.,Delikatnie skręć w prawo.,Gör en liten högersväng.,Hafifçe sağa dönün.,Tournez légèrement à droite.,Maak een flauwe bocht naar rechts.,Leicht nach rechts abbiegen.,انعطف برفق لليمين.,Κάνε λίγο δεξιά.,Fai una curva a destra.,Jeďte mírně doprava.,Kanyarodjon enyhén jobbra.,Virați ușor la dreapta.,右方向です。,Drej svagt til højre.,Gire ligeramente a la derecha.,Gir lleu a la dreta.,Käänny kevyesti oikealle.,थोड़ा दायीं ओर लें।,Blago skretanje udesno.,Belok sedikit ke kanan.,약간 우회전하십시오.,Faça uma curva ligeira à direita.,Jazdite mierne doprava.,Enda kulia kidogo.,เลี้ยวขวาเล็กน้อย,稍向右轉。,稍向右转。,
,,Make a right.,Поверните направо.,Jedź w prawo.,Gör en högersväng.,Sağa dönün.,Tournez à droite.,Maak een bocht naar rechts.,Nach rechts abbiegen.,انعطف لليمين.,Κάνε δεξιά.,Curva a destra.,Jeďte doprava.,Kanyarodjon jobbra.,Virați la dreapta.,右に曲がります。,Drej til højre.,Sitúese a la derecha.,Feu un gir a la dreta.,Tee oikea käännös.,दायीं ओर लें।,Skretanje udesno.,Belok ke kanan.,우회전하십시오.,Vire à direita.,Jazdite doprava.,Enda kulia.,เลี้ยวขวา,向右轉。,向右转。,
,,Make a sharp right.,Крутой поворот направо.,Skręć ostro w prawo.,Gör en skarp högersväng.,Keskin bir şekilde sağa dönün.,Prenez la première à droite.,Maak een scherpe bocht naar rechts.,Scharf nach rechts abbiegen.,انعطف بشكل حاد لليمين.,Κάνε απότομα δεξιά.,Gira tutto a destra.,Jeďte ostře doprava.,Kanyarodjon élesen jobbra.,Virați mult la dreapta.,右に大きく曲がります。,Drej skarpt til højre.,Gire inmediatamente a la derecha.,Gir fort la dreta.,Käänny tiukasti oikealle.,दायीं ओर तीव्र मुड़ें।,Oštro skretanje udesno.,Belok tajam ke kanan.,가파른 우회전하십시오.,Faça uma curva acentuada à direita.,Jazdite ostro doprava.,Enda kulia kwa ghafla.,เลี้ยวขวาหักมุม,向右急轉。,向右直转。,
,,Make a slight left.,Плавный поворот налево.,Delikatnie skręć w lewo.,Gör en liten vänstersväng.,Hafifçe sola dönün.,Tournez légèrement à gauche.,Maak een flauwe bocht naar links.,Leicht nach links abbiegen.,انعطف برفق لليسار.,Κάνε λίγο αριστερά.,Fai una curva a sinistra.,Jeďte mírně doleva.,Kanyarodjon enyhén balra.,Virați ușor la stânga.,左方向です。,Drej svagt til venstre.,Gire ligeramente a la izquierda.,Gir lleu a l'esquerra.,Käänny kevyesti vasemmalle.,थोड़ा बायीं ओर लें।,Blago skretanje ulijevo.,Belok sedikit ke kiri.,약간 좌회전하십시오.,Faça uma curva ligeira à esquerda.,Jazdite mierne doľava.,Enda kushoto kidago.,เลี้ยวซ้ายเล็กน้อย,稍向左轉。,稍向左转。,
,,Make a left.,Поверните налево.,Jedź w lewo.,Gör en vänstersväng.,Sola dönün.,Tournez à gauche.,Maak een bocht naar links.,Nach links abbiegen.,انعطف لليسار.,Κάνε αριστερά.,Curva a sinistra.,Jeďte doleva.,Kanyarodjon balra.,Virați la stânga.,左に曲がります。,Drej til venstre.,Sitúese a la izquierda.,Feu un gir a l´esquerra.,Käänny vasemmalle.,बायीं ओर लें।,Skretanje ulijevo.,Belok ke kiri.,좌회전하십시오.,Vire à esquerda.,Jazdite doľava.,Enda kushoto.,เลี้ยวซ้าย,向左轉。,向左转。,
,,Make a sharp left.,Крутой поворот налево.,Skręć ostro w lewo.,Gör en skarp vänstersväng.,Keskin bir şekilde sola dönün.,Prenez la première à gauche.,Maak een scherpe bocht naar links.,Scharf nach links abbiegen.,انعطف بشكل حاد لليسار.,Κάνε απότομα αριστερά.,Gira tutto a sinistra.,Jeďte ostře doleva.,Kanyarodjon élesen balra.,Virați mult la stânga.,左に大きく曲がります。,Drej skarpt til venstre.,Gire inmediatamente a la izquierda.,Gir fort a l'esquerra.,Käänny tiukasti vasemmalle.,बायीं ओर तीव्र मुड़ें।,Oštro skretanje ulijevo.,Belok tajam ke kiri.,가파른 좌회전하십시오.,Faça uma curva acentuada à esquerda.,Jazdite ostro doľava.,Enda kushoto kwa ghafla.,เลี้ยวซ้ายหักมุม,向左急轉。,向左直转。,
,,,,,,,,,,,,,,,,,,,,,,,,,,,,,,,
,,Make a slight right.,Плавный поворот направо.,Skręć łagodnie w prawo.,Gör en svag högersväng.,Yavaşça sağa dönün.,Tournez légèrement à droite.,Sla schuin rechtsaf.,Biegen Sie leicht rechts ab.,انعطف تجاه اليمين قليلاً.,Ανοιχτή στροφή δεξιά.,Gira leggermente a destra.,Odbočte mírně doprava.,Forduljon kissé jobbra.,Întoarceți ușor la dreapta.,ななめ右方向です。,Drej lidt til højre.,Gire ligeramente a la derecha.,Gireu una mica a la dreta.,Käänny loivasti oikeaan.,हल्‍का दाएँ मुड़ें।,Skrenite blago udesno.,Belok agak ke kanan.,약간 우회전하십시오.,Faça uma curva ligeira à direita.,Odbočte mierne doprava.,Geuka kulia kidogo.,เบี่ยงขวาเล็กน้อย,稍作右轉。,稍作右转。,Make a right turn.
,,Make a sharp right.,Крутой поворот направо.,Skręć ostro w prawo.,Gör en skarp högersväng.,Keskin bir biçimde sağa dönün.,Tournez franchement à droite.,Sla scherp rechtsaf.,Biegen Sie scharf rechts ab.,انعطف بحدة تجاه اليمين.,Κλειστή στροφή δεξιά.,Curva stretta a destra.,Odbočte ostře doprava.,Forduljon élesen jobbra.,Întoarceți brusc la dreapta.,大きく右方向です。,Drej skarpt til højre.,Gire cerrado a la derecha.,Feu un gir tancat a la dreta.,Käänny jyrkästi oikeaan.,तीव्र दायाँ मोड़ लें।,Skrenite oštro udesno.,Belok tajam ke kanan.,우측 급회전입니다.,Faça uma curva acentuada à direita.,Odbočte prudko doprava.,Geuka kulia kabisa.,เลี้ยวขวาหักศอก,緊急右轉。,紧急右转。,
,,Make a slight left.,Плавный поворот налево.,Skręć łagodnie w lewo.,Gör en svag vänstersväng.,Yavaşça sola dönün.,Tournez légèrement à gauche.,Sla schuin linksaf.,Biegen Sie leicht links ab.,انعطف تجاه اليسار قليلاً.,Ανοιχτή στροφή αριστερά.,Gira leggermente a sinistra.,Odbočte mírně doleva.,Forduljon kissé balra.,Întoarceți ușor la stânga.,ななめ左方向です。,Drej lidt til venstre.,Gire ligeramente a la izquierda.,Gireu una mica a l'esquerra.,Känny loivasti vasempaan.,हल्‍का बाएँ मुड़ें।,Skrenite blago ulijevo.,Belok agak ke kiri.,약간 좌회전하십시오.,Faça uma curva ligeira à esquerda.,Odbočte mierne doľava.,Geuka kushoto kidogo.,เบี่ยงซ้ายเล็กน้อย,稍作左轉。,稍作左转。,Make a slight left turn.
,,Make a sharp left.,Крутой поворот налево.,Skręć ostro w lewo.,Gör en skarp vänstersväng.,Keskin bir biçimde sola dönün.,Tournez franchement à gauche.,Sla scherp linksaf.,Biegen Sie scharf links ab.,انعطف بحدة تجاه اليسار.,Κλειστή στροφή αριστερά.,Curva stretta a sinistra.,Odbočte ostře doleva.,Forduljon élesen balra.,Întoarceți brusc la dreapta.,大きく左方向です。,Drej skarpt til venstre.,Gire cerrado a la izquierda.,Feu un gir tancat a l'esquerra.,Käänny jyrkästi vasempaan.,तीव्र बायाँ मोड़ लें।,Skrenite oštro ulijevo.,Belok tajam ke kiri.,좌측 급회전입니다.,Faça uma curva acentuada à esquerda.,Odbočte prudko doľava.,Geuka kushoto kabisa.,เลี้ยวซ้ายหักศอก,緊急左轉。,紧急左转。,
,,,,,,,,,,,,,,,,,,,,,,,,,,,,,,,
,,You have reached the destination.,Вы достигли конца маршрута.,Dojeżdżasz do celu.,Du är framme vid destinationen.,Hedefinize ulaştınız.,Vous êtes arrivé à destination.,U hebt de bestemming bereikt.,Sie haben das Ziel erreicht.,لقد وصلت إلى وجهتك.,Φτάσατε στον προορισμό σας.,Hai raggiunto la destinazione.,Dorazili jste do cíle.,Elérte az úticélját.,Ați ajuns la destinație.,目的地に到着しました。,Du har nået din destination.,Ha llegado al destino.,Heu arribat a la vostra destinació.,Olet saapunut kohteeseen.,आप गंतव्‍य पर पहुँच गये हैं।,Stigli ste na odredište.,Anda telah mencapai tujuan.,목적지에 도착했습니다.,Chegou ao destino.,Dorazili ste do cieľa.,Umefika mwisho wa safari.,คุณมาถึงที่หมายแล้ว,您已到達目的地。,您已到达目的地。,In 50 metres.
,,The destination is on the left.,Пункт назначения слева.,Twój cel znajduje się na lewo.,Destinationen är till vänster.,Hedef sol tarafta.,La destination se trouve sur la gauche.,De bestemming is aan de linkerkant.,Der Zielort liegt auf der linken Seite.,الوجهة المقصودة ناحية اليسار.,Ο προορισμός σας βρίσκεται στα αριστερά σας.,La destinazione è sulla sinistra.,Cílové místo je nalevo.,Az úti cél a bal oldalon található.,Destinația este pe partea stângă.,Az úti cél a bal oldalon található.,Destinationen er på venstre side.,El destino está a la izquierda.,La destinació és a l'esquerra.,Kohde on vasemmalla.,आप पहुंच जायेंगे।,Odredište se nalazi na lijevoj strani.,Tujuan di sebelah kiri.,목적지가 왼쪽에 있습니다.,O destino está à esquerda.,Cieľ je na ľavej strane.,Mwisho wa safari ni upande wa kushoto.,ปลายทางอยู่ทางด้านซ้าย,目的地在左邊。,目的地在左边。,
,,The destination is on the right.,Пункт назначения справа.,Twój cel znajduje się na prawo.,Destinationen är till höger.,Hedef sağ tarafta.,La destination se trouve sur la droite.,De bestemming is aan de rechterkant.,Der Zielort liegt auf der rechten Seite.,الوجهة المقصودة ناحية اليمين.,Ο προορισμός σας βρίσκεται στα δεξιά σας.,La destinazione è sulla destra.,Cílové místo je napravo.,Az úti cél a jobb oldalon található.,Destinația este pe partea dreaptă.,Az úti cél a jobb oldalon található.,Destinationen er på højre side.,El destino está a la derecha.,La destinació és a la dreta.,Kohde on oikealla.,आप गंतव्य स्थान पर पहुंच जायेंगे।,Odredište se nalazi na desnoj strani.,Tujuan di sebelah kanan.,목적지가 오른쪽에 있습니다.,O destino está à direita.,Cieľ je na pravej strane.,Mwisho wa safari ni upande wa kulia.,ปลายทางอยู่ทางด้านขวา,目的地在右邊。,目的地在右边。,
,,You’ll arrive.,Вы прибудете в пункт назначения,Dojedziesz,är du framme.,Varacaksınız.,Vous arriverez.,arriveert u.,werden Sie ankommen.,سوف تصل.,Θα φτάσετε.,arriverai.,Přijedete.,Ön <in 500 meters> megérkezik.,Veți sosi.,到着します。,ankommer du.,llegarás.,Arribareu.,Olet perillä.,गंतव्य स्थान,Stižete.,Anda akan tiba.,도착할 예정입니다.,Você vai chegar.,Dorazíte.,Utawasili.,คุณจะถึง,您將到達。,您将到达。,
,,You’ll reach the destination.,Вы достигните конца маршрута,Osiągniesz cel,når du målet.,Hedefe varacaksınız.,Vous arriverez à destination.,bereikt u uw bestemming.,werden Sie den Zielort erreichen.,سوف تصل إلى الوجهة؟,Θα πλησιάσετε στον προορισμό.,arriverai a destinazione.,Přijedete do cílového místa,Ön <in 500 meters> eléri az úti célt.,Veți ajunge la destinație.,目的地に到着します。,vil du nå destinationen.,llegarás a tu destino.,Arribareu a la destinació.,Saavut määränpäähän.,आप गंतव्य स्थान पर पहुंच जायेंगे।,Stići ćete na odredište.,Anda akan sampai di tujuan.,목적지에 도착할 예정입다.,Você vai chegar ao destino.,Dorazíte do cieľa.,Utafika kikomo cha safari.,คุณจะไปถึงปลายทาง,您將到達目的地。,您将到达目的地。,
Phrases may be useful for the future development. Commands. ,,The destination,,Cel,Målet,Hedef,Destination,Bestemming,Der Zielort,الوجهة,Ο προορισμός,La destinazione,Cílové místo,Az úti cél,Destinație,目的地,Du har nået destinationen.,El destino,La destinació,Määränpää,गंतव्य स्थान,Odredište,Tujuan,목적지,O destino,Cieľ,Kikomo cha safari.,ปลายทาง,目的地,目的地,
,,Bear left.,Держитесь левее.,Trzymaj się lewej.,Håll till vänster.,Sola doğru dönün.,Gardez votre gauche.,Houd links aan.,Halten Sie sich links.,انعطف لليسار.,Μείνετε αριστερά.,Tieni la sinistra.,Držte se vlevo.,Maradjon a bal oldalon.,Rămâneți pe stânga.,左方向です。,Hold til venstre.,Mantenga la izquierda.,Col·loqueu-vos a l'esquerra.,Liity vasemmalle.,बायीं ओर रहें।,Lijevo.,Tetap di kiri.,왼쪽 도로입니다.,Mantenha-se à esquerda.,Držte sa vľavo.,Elekea kushoto.,ชิดซ้าย,左轉。,左转。,Bear left.
,,Bear right.,Держитесь правее.,Trzymaj się prawej.,Håll till höger.,Sağa doğru dönün.,Gardez votre droite.,Houd rechts aan.,Halten Sie sich rechts.,انعطف لليمين.,Μείνετε δεξιά.,Tieni la destra.,Držte se vpravo.,Maradjon a jobb oldalon.,Rămâneți pe dreapta.,右方向です。,Hold til højre.,Mantenga la derecha.,Col·loqueu-vos a la dreta.,Liity oikealle.,दायीं ओर रहें।,Desno.,Tetap di kanan.,오른쪽 도로입니다.,Mantenha-se à direita.,Držte sa vpravo.,Elekea kulia.,ชิดขวา,右轉。,右转。,Bear right.
,,You have reached the intermediate point.,Вы достигли промежуточной точки.,Dojeżdżasz do punktu pośredniego.,Du är framme vid delmålet.,Ara noktaya ulaştınız.,Vous êtes arrivé au point intermédiaire.,U bent halverwege.,Sie haben den Zwischenpunkt erreicht.,لقد وصلت إلى منتصف الطريق.,Φτάσατε στο ενδιάμεσο σημείο.,Hai raggiunto il punto intermedio.,Dorazili jste do přechodného bodu.,Elérte a közbenső pontot.,Ați atins punctul intermediar.,中間地点に到達しました。,Du har nået mellempunktet.,Ha llegado al punto intermedio.,Heu arribat al punt intermedi.,Olet saapunut välipisteeseen.,आप मध्‍य बिंदु पर पहुँच गये हैं।,Došli ste do međutočke.,Anda telah mencapai titik tengah rute.,중간 지점에 도착했습니다.,Atingiu o ponto intermédio.,Dorazili ste do prechodného bodu.,Umefika katikati ya safari yako.,คุณมาถึงจุดแวะพักแล้ว,您已到達中間經停點。,您已到达中间经停点。,You have reached the intermediate point.
,,Intermediate point.,Промежуточная точка.,Punkt pośredni.,Delmål.,Ara nokta.,Point intermédiaire.,Halverwege.,Zwischenpunkt.,منتصف الطريق.,Ενδιάμεσο σημείο.,Punto intermedio.,Prostřední bod.,Közbenső pont.,Punct intermediar.,中間地点。,Mellempunkt.,Punto intermedio.,Punt intermedi,Välipiste.,मध्‍य बिंदु,Međutočka.,Titik tengah rute.,중간 지점입니다.,Ponto intermédio.,Prechodný bod.,Katikati ya safari,จุดแวะพัก,中間經停點。,中间经停点。,Intermediate point
,,Enter the highway.,На магистраль.,Wjedź na autostradę.,Kör ut på motorvägen.,Otobana girin.,Prenez l'autoroute.,Rij de snelweg op.,Fahren Sie auf die Autobahn.,اتجه في الطريق السريع.,Μπείτε στον αυτοκινητόδρομο.,Entra in autostrada.,Vjeďte na dálnici.,Hajtson fel az autópályára.,Intrați pe autostradă.,高速道路入口です。,Kør ind på hovedvejen.,Entre a la autopista.,Entreu a l'autopista,Liity moottoritielle.,हाइवे में प्रवेश करें।,Uđite na autoput.,Masuk ke jalan raya.,고속도로에 진입합니다.,Entrou na via rápida.,Vojdite na diaľnicu.,Ingia kwenye barabara kuu.,เข้าสู่ทางหลวง,進入高速公路。,进入高速公路。,Enter the highway.
,,Leave the highway.,С магистрали.,Opuść autostradę.,Lämna motorvägen.,Otobandan çıkın.,Quittez l'autoroute.,Verlaat de snelweg.,Fahren Sie von der Autobahn ab.,اخرج من الطريق السريع.,Βγείτε από τον αυτοκινητόδρομο.,Lascia l'autostrada.,Opusťte dálnici.,Hagyja el az autópályát.,Părăsiți autostrada.,高速道路出口です。,Kør fra hovedvejen.,Salga de la autopista.,Sortiu de l'autopista,Poistu moottoritieltä.,हाइवे छोड़ दें।,Izađite s autoputa.,Keluar dari jalan raya.,고속도로에서 나갑니다.,Saiu da via rápida.,Opustite diaľnicu.,Ondoka kwenye barabara kuu.,ออกจากทางหลวง,離開高速公路。,离开高速公路。,Leave the highway.
,,Follow the roundabout.,Оставайтесь на кольце.,Jedź przez rondo na wprost.,Följ rondellen.,Kavşağı takip edin.,Suivez le rond-point.,Rij rechtdoor op de rotonde.,Folgen Sie dem Kreisverkehr.,اتبع الطريق الدوار.,Μείνετε στον κυκλικό κόμβο.,Percorri la rotonda.,Jeďte po kruhovém objezdu.,Kövesse a körforgalmat.,Urmați sensul giratoriu.,ロータリーに従ってください。,Kør lige ud i rundkørslen.,Continúe en la rotonda.,Seguiu la rotonda.,Seuraa liikenneympyrää.,गोल चक्‍कर में चलें।,Slijedite zaobilaznicu.,Ikuti bundaran.,로터리를 따라갑니다.,Siga a rotunda.,Zostaňte na kruhovom objazde.,Fuata mzunguko.,ขับไปตามวงเวียน,沿環島前行。,沿环岛前行。,Follow the roundabout.
,,You have left the route.,Вы ушли с маршрута.,Opuszczono wyznaczoną trasę.,Du har lämnat vägen.,Güzergahınızdan ayrıldınız.,Vous avez quitté votre itinéraire.,U bent afgeweken van de route.,Sie haben die Route verlassen.,لقد خرجت عن المسار.,Εγκαταλείψατε τη διαδρομή σας.,Hai lasciato il percorso.,Opustili jste trasu.,Elhagyta az útvonalat.,Ați părăsit ruta.,案内ルートを外れました。,Du har forladt ruten.,Ha salido de la ruta.,Us heu sortit de la ruta.,Olet poistunut reitiltä.,आप रास्‍ते से भटक गये हैं।,Napustili ste određenu rutu.,Anda telah meninggalkan rute.,경로를 벗어났습니다.,Saiu da rota.,Zišli ste z plánovanej trasy.,Umeacha njia.,คุณออกนอกเส้นทางแล้ว,您已偏離路線。,您已偏离路线。,You have left the route.
,,You have returned to the route.,Вы вернулись на маршрут.,Powracasz na wyznaczoną trasę.,Du har återvänt till vägen.,Güzergahınıza geri döndünüz.,Vous avez retrouvé votre itinéraire.,U volgt de route weer.,Sie sind auf die Route zurückgekehrt.,لقد عدت إلى المسار.,Επιστρέψατε στη διαδρομή σας.,Sei rientrato nel percorso.,Vrátili jste se na trasu.,Visszatért az útvonalra.,V-ați reîntors pe rută.,案内ルートに戻りました。,Du er tilbage på ruten.,Ha retornado a la ruta.,Heu tornat a la ruta.,Olet palannut reitille.,आप रास्‍ते पर लौट आये हैं।,Vratili ste se na određenu rutu.,Anda telah kembali ke rute.,경로로 다시 진입했습니다.,Regressou à rota.,Vrátili ste sa na plánovanú trasu.,Umerudi kwenye njia.,คุณกลับสู่เส้นทางแล้ว,您已返回路線。,您已返回路线。,You have returned to the route.
,,The route has been recalculated.,Маршурт перепроложен.,Wyznaczono nową trasę.,Vägen har beräknats om.,Rota yeniden hesaplandı.,Votre itinéraire a été recalculé.,De route is opnieuw berekend.,Die Route wurde neu berechnet.,تمت إعادة ضبط المسار.,Έγινε επανυπολογισμός διαδρομής.,Il percorso è stato ricalcolato.,Trasa byla přepočítána.,,Ruta a fost recalculată.,ルートを作り直しています。,En ny rute er blevet beregnet.,La ruta se ha calculado nuevamente.,S'ha tornat a calcular la ruta.,Reitti on laskettu uudelleen.,रास्‍ते की गणना फिर से कर ली गयी है।,Ruta je preračunata.,Rute telah diperhitungkan ulang.,경로가 재설정되었습니다.,A rota foi recalculada.,Trasa bola prepočítaná.,Njia imekokotolewa upya.,คำนวณเส้นทางใหม่แล้ว,路線已重新計算。,路线已重新计算。,The route has been recalculated.
,,Follow the sign.,Следуйте знаку. ,Zastosuj się do znaku.,Följ skylten.,Tabelayı takip edin.,Suivez le panneau.,Volg het bord.,Folgen Sie der Beschilderung.,اتبع الإشارة.,Ακολουθήστε την πινακίδα.,Segui il cartello.,Řiďte se dopravními značkami.,Kövesse a közlekedési tábla utasításait.,Urmați semnul de circulație.,道路標識に従ってください。,Følg skiltet.,Siga la señal.,Seguiu la senyal.,Seuraa merkkiä.,संकेत-चिन्‍ह का पालन करें।,Slijedite znak.,Ikuti rambu.,표지판을 따라갑니다.,Siga o sinal.,Sledujte dopravné značenie.,Fuata alama.,ทำตามป้ายสัญญาณ,按指示牌前行。,按指示牌前行。,Follow the sign.
,,In two hundred and fifty yards.,Через двести пятьдесят ярдов.,Za dwieście pięćdziesiąt jardów.,Om två hundra femtio yard.,İki yüz elli yarda sonra.,Dans deux cents cinquante yards.,Over tweehonderdvijftig yards.,In zweihundertfünfzig Yards.,بعد مئتين وخمسين ياردة.,Σε διακόσιες πενήντα γιάρδες.,Tra duecento cinquanta yarde.,Za dvě stě padesát yardů.,Kétszázötven yard után.,După două sute de yarzi.,二百五十ヤード先,Om to hundrede og halvtreds yard.,En doscientas cincuenta yardas.,D'aquí a dues-centes cinquanta iardes.,Kahdensadanviidenkymmenen jaardin päässä.,दो सौ पचास गज़ में।,Za dvije stotine i pedeset jarda.,Setelah dua ratus lima puluh yard.,이백오십 야드 앞.,A duzentos e cinquenta jardas.,Po dvestopäťdesiatich yardoch.,Kabla ya yadi mia mbili hamsini.,อีกสองร้อยห้าสิบหลา,前方二百五十碼。,前方两百五十码。,In 250 yards.
,,In seven hundred and fifty yards.,Через семьсот пятьдесят ярдов.,Za siedemset pięćdziesiąt jardów.,Om sju hundra femtio yard.,Yedi yüz elli yarda sonra.,Dans sept cents cinquante yards.,Over zevenhonderdvijftig yards.,In siebenhundertfünfzig Yards.,بعد سبعمئة وخمسين ياردة.,Σε επτακόσιες πενήντα γιάρδες.,Tra settecento cinquanta yarde.,Za sedm set padesát yardů.,Hétszázötven yard után.,După șapte sute cincizeci de yarzi.,七百五十ヤード先,Om syv hundrede og halvtreds yard.,En setecientas cincuenta yardas.,D'aquí a set-centes cinquanta iardes.,Seitsemänsadanviidenkymmenen jaardin päässä.,सात सौ पचास गज़ में।,Za sedam stotina i pedeset jarda.,Setelah tujuh ratus lima puluh yard.,칠백오십 야드 앞.,A setecentos e cinquenta jardas.,Po sedemstopäťdesiatich yardoch.,Kabla ya yadi mia saba hamsini.,อีกเจ็ดร้อยห้าสิบหลา,前方七百五十碼。,前方七百五十码。,In 750 yards.
,,,,,,,,,,,,,,,,,,,,,,,,,,,,,,,
,,,,,,,,,,,,,,,,,,,,,,,,,,,,,,,
,,Destination.,Пункт назначения.,Dojedziesz do celu.,Destinationen.,Hedef.,Destination.,Bestemming.,Ziel.,الوجهة.,βρίσκεται ο προορισμός σας.,Destinazione.,Cíl.,Az úti cél.,Destinația.,目的地です。,Destination.,Destino.,Destinació,Kohde.,गंतव्‍य,Odredište,Tujuan.,목적지입니다.,O destino.,Cieľ.,Mwisho wa safari.,ที่หมาย,目的地,目的地,Destination
,,,,,,,,,,,,,,,,,,,,,,,,,,,,,,,
,,The route has been created.,Маршрут построен.,Trasa została utworzona.,Rutten har skapats.,Rota oluşturuldu.,L'itinéraire a été créé.,Route is gecreëerd.,Die Route wurde erstellt.,تم إنشاء المسار.,Η διαδρομή έχει οριστεί.,Il percorso è stato creato.,Trasa byla vytvořena.,Az útvonal létrejött.,Ruta a fost creată.,ルートが作成されました。,Ruten er nu lavet.,Se ha creado la ruta.,S'ha creat la ruta.,Reitti on luotu.,मार्ग बनाया गया है।,Ruta je izrađena.,Rute telah dibuat.,경로가 생성되었습니다.,A rota foi criada.,Trasa bola vytvorená.,Rutten har skapats.,มีการสร้างเส้นทางแล้ว,路線已創建。,路线已创建。,
,,The route has been calculated.,Маршрут построен.,Trasa została obliczona.,Rutten har beräknats.,Rota hesaplandı.,L'itinéraire a été calculé.,Route is berekend.,Die Route wurde berechnet.,تم حساب المسار.,Η διαδρομή έχει υπολογιστεί.,Il percorso è stato calcolato.,Trasa byla vypočítána.,Az útvonal ki lett számolva.,Ruta a fost calculată.,ルートが計算されました。,Ruten er nu beregnet.,Se ha calculado la ruta.,S'ha calculat la ruta.,Reitti on laskelmoitu.,मार्ग की गणना की गई है।,Ruta je izračunata.,Rute telah dikalkulasi.,경로가 계산되었습니다.,A rota foi calculada.,Trasa bola vypočítaná.,Rutten har beräknats.,มีการคำนวณเส้นทางแล้ว,路線已計算。,路线已计算。,
,,,,,,,,,,,,,,,,,,,,,,,,,,,,,,,
,,,,,,,,,,,,,,,,,,,,,,,,,,,,,,,
,,,,,,,,,,,,,,,,,,,,,,,,,,,,,,,
,,,,,,,,,,,,,,,,,,,,,,,,,,,,,,,
,,,,,,,,,,,,,,,,,,,,,,,,,,,,,,,
,,,,,,,,,,,,,,,,,,,,,,,,,,,,,,,
,,,,,,,,,,,,,,,,,,,,,,,,,,,,,,,
,,Leave the roundabout.,С кольца.,Opuść rondo.,Lämna rondellen.,Kavşaktan çıkın.,Quittez le rond-point.,Verlaat de rotonde.,Verlassen Sie den Kreisverkehr.,اخرج من الطريق الدوار.,Βγείτε από τον κυκλικό κόμβο.,Esci dalla rotonda.,Opusťte kruhový objezd.,Hagyja el a körforgalmat.,Ieșiți din sensul giratoriu.,ロータリー出口です。,Forlad rundkørslen.,Salga de la rotonda.,Sortiu de la rotonda.,Poistu liikenneympyrästä.,गोल चक्‍कर से बाहर निकलें।,Izađite sa zaobilaznice.,Keluar dari bundaran.,로터리에서 나갑니다.,Saia da rotunda.,Opustite kruhový objazd.,Ondoka kwenye mzunguko.,ออกจากวงเวียน,離開環島。,离开环岛。,Leave the roundabout.